{
  "gt_file": "gt0.json",
  "pred_file": "sample0.0.json",
  "timestamp": "2026-02-11T15:10:11.277561",
  "status": "success",
  "entity_metrics": {
    "total_gt": 30,
    "total_pred": 30,
    "true_positives": 27,
    "false_positives": 3,
    "false_negatives": 3,
    "precision": 0.9,
    "recall": 0.9,
    "f1_score": 0.9,
    "avg_match_quality": 0.9609491474245802,
    "contradictions": 0,
    "field_wise_accuracy": {
      "finding": 0.9562755536150049,
      "location": 0.9281855044541536,
      "presence": 0.9814814814814815,
      "other": 0.9381043513615926
    },
    "structural_errors": {
      "merged_entities": [],
      "split_entities": [],
      "degree_mixups": [],
      "contradictions": []
    },
    "field_error_analysis": {
      "general_finding": {
        "accuracy": 0.9259259259259259,
        "total": 27,
        "errors": 2,
        "error_rate": 0.07407407407407407
      },
      "specific_finding": {
        "accuracy": 0.8888888888888888,
        "total": 27,
        "errors": 3,
        "error_rate": 0.1111111111111111
      },
      "finding_presence": {
        "accuracy": 0.9629629629629629,
        "total": 27,
        "errors": 1,
        "error_rate": 0.037037037037037035
      },
      "location": {
        "accuracy": 0.8518518518518519,
        "total": 27,
        "errors": 4,
        "error_rate": 0.14814814814814814
      },
      "degree": {
        "accuracy": 0.8148148148148148,
        "total": 27,
        "errors": 5,
        "error_rate": 0.18518518518518517
      }
    }
  },
  "embedding_scores": {
    "pubmedbert": {
      "mean": 0.997939873624731,
      "std": 0.005077981493824866,
      "count": 27,
      "type": "true_positives"
    },
    "s_pubmedbert": {
      "mean": 0.9921385491335833,
      "std": 0.016934238985385194,
      "count": 27,
      "type": "true_positives"
    },
    "general_baseline": {
      "mean": 0.9539094589374684,
      "std": 0.08845422325822916,
      "count": 27,
      "type": "true_positives"
    },
    "neuml_pubmedbert": {
      "mean": 0.9559342684569182,
      "std": 0.11068793402420363,
      "count": 27,
      "type": "true_positives"
    }
  },
  "error_analysis": {
    "fp_semantic_scores": {
      "pubmedbert": {
        "mean": 0.9953338106473287,
        "std": 0.001029400016974573,
        "count": 3
      },
      "s_pubmedbert": {
        "mean": 0.981286346912384,
        "std": 0.0024628328400914264,
        "count": 3
      },
      "general_baseline": {
        "mean": 0.8997864325841268,
        "std": 0.022812143458920135,
        "count": 3
      },
      "neuml_pubmedbert": {
        "mean": 0.8856146335601807,
        "std": 0.018218050496553593,
        "count": 3
      }
    },
    "fn_semantic_scores": {
      "pubmedbert": {
        "mean": 0.9999998211860657,
        "std": 2.1213448548379165e-07,
        "count": 3
      },
      "s_pubmedbert": {
        "mean": 1.0000001788139343,
        "std": 2.70966325143692e-07,
        "count": 3
      },
      "general_baseline": {
        "mean": 0.9999999602635702,
        "std": 5.6195798014525375e-08,
        "count": 3
      },
      "neuml_pubmedbert": {
        "mean": 0.999999980131785,
        "std": 1.0130841560349434e-07,
        "count": 3
      }
    }
  },
  "llm_scores": {
    "gemini_pro": {
      "mean": 0.9199999999999999,
      "count": 5
    }
  }
}